{
  "pages": [
    {
      "title": "Home",
      "slug": "home",
      "template": "front-page.php",
      "content": "<!-- Copy the entire HTML content from your original index.php file here -->"
    },
    {
      "title": "About Us",
      "slug": "about",
      "template": "default",
      "content": "<div class=\"breadcumb-wrapper\" data-bg-src=\"assets/img/bg/breadcumb-bg.webp\">\n        <div class=\"container\">\n            <div class=\"breadcumb-content\">\n                <h1 class=\"breadcumb-title\">About India Day Trip</h1>\n                <ul class=\"breadcumb-menu\">\n                    <li><a href=\"home-travel.php\">Home</a></li>\n                    <li>About India Day Trip</li>\n                </ul>\n            </div>\n        </div>\n    </div>\n    <!-- About India Day Trip -->\n    <div class=\"about-area position-relative overflow-hidden space-top\" id=\"about-sec\">\n        <div class=\"container\">\n            <div class=\"row gy-4\">\n                <div class=\"col-xl-6\">\n                    <div class=\"img-box15 pe-xl-4\">\n                        <div class=\"img1 global-img\">\n                            <img src=\"assets/img/about/about-1.webp\" alt=\"About India Day Trip\">\n                        </div>\n                    </div>\n                </div>\n                <div class=\"col-xl-6\">\n                    <div class=\"ps-xl-4\">\n                        <div class=\"title-area mb-20\">\n                            <span class=\"sub-title style1\">About India Day Trip</span>\n                            <h2 class=\"sec-title mb-20\">Your Premier Travel Partner in the Heart of Agra</h2>\n                            <p class=\"sec-text2 mb-50\">\n                                Based in Agra, India Day Trip is your trusted local partner for Taj Mahal, Same Day, and Golden Triangle tours. Our experienced team is passionate about showcasing India's vibrant culture and heritage.\n                            </p>\n                            <div class=\"about-item-wrap style2\">\n                                <div class=\"about-item style4\">\n                                    <div class=\"about-item_img\">\n                                        <img src=\"assets/img/icon/about_2_1.svg\" alt=\"\">\n                                    </div>\n                                    <div class=\"about-item_centent\">\n                                        <h5 class=\"box-title\">Expertise</h5>\n                                        <p class=\"about-item_text\">Experience Agra with real local knowledge.</p>\n                                    </div>\n                                </div>\n                                <div class=\"about-item style4\">\n                                    <div class=\"about-item_img\">\n                                        <img src=\"assets/img/icon/about_2_2.svg\" alt=\"\">\n                                    </div>\n                                    <div class=\"about-item_centent\">\n                                        <h5 class=\"box-title\">Experiences</h5>\n                                        <p class=\"about-item_text\">Personalized tours tailored for you.</p>\n                                    </div>\n                                </div>\n                            </div>\n                        </div>\n                    </div>\n                </div>\n            </div>\n        </div>\n    </div>\n\n    <!-- About India Day Trip Continued -->\n    <div class=\"about-area position-relative overflow-hidden space\" id=\"commitment-sec\">\n        <div class=\"container\">\n            <div class=\"row gy-4 align-items-center\">\n                <div class=\"col-xl-6 order-xl-1 order-2\">\n                    <div class=\"ps-xl-4\">\n                        <div class=\"title-area mb-20\">\n                            <span class=\"sub-title style1\">Our Commitment to Excellence</span>\n                            <h2 class=\"sec-title mb-20\">Creating Unforgettable Memories in Agra and Beyond</h2>\n                            <p class=\"sec-text2 mb-50\">\n                                At India Day Trip, we believe that travel is not just about visiting places, but about creating lasting memories. Founded with a passion for sharing the beauty of our homeland, we have welcomed thousands of travelers from across the globe. Our commitment to sustainable tourism practices ensures that while you explore India's treasures, you're also contributing to the preservation of these wonders for future generations.\n                            </p>\n                        </div>\n                        <div class=\"about-item-wrap style2\">\n                            <div class=\"about-item style4 mb-3 d-flex align-items-start\">\n                                <div class=\"about-item_img me-3\">\n                                    <img src=\"assets/img/icon/about_2_1.svg\" alt=\"\">\n                                </div>\n                                <div class=\"about-item_centent\">\n                                    <h5 class=\"box-title\">Planning</h5>\n                                    <p class=\"about-item_text mb-0\">We handle all details—just enjoy your trip.</p>\n                                </div>\n                            </div>\n                            <div class=\"about-item style4 d-flex align-items-start\">\n                                <div class=\"about-item_img me-3\">\n                                    <img src=\"assets/img/icon/about_2_2.svg\" alt=\"\">\n                                </div>\n                                <div class=\"about-item_centent\">\n                                    <h5 class=\"box-title\">Culture</h5>\n                                    <p class=\"about-item_text mb-0\">Engage in India's heritage with authentic local experiences.</p>\n                                </div>\n                            </div>\n                        </div>\n                    </div>\n                </div>\n                <div class=\"col-xl-6 order-xl-2 order-1 mb-4 mb-xl-0\">\n                    <div class=\"img-box15 pe-xl-4\">\n                        <div class=\"img1 global-img\">\n                            <img src=\"assets/img/about/about-2.webp\" alt=\"About India Day Trip\">\n                        </div>\n                    </div>\n                </div>\n            </div>\n        </div>\n    </div>"
    },
    {
      "title": "Contact",
      "slug": "contact",
      "template": "default",
      "content": "<div class=\"breadcumb-wrapper\" data-bg-src=\"assets/img/bg/breadcumb-bg.jpg\">\n    <div class=\"container\">\n        <div class=\"breadcumb-content\">\n            <h1 class=\"breadcumb-title\">Contact Us</h1>\n            <ul class=\"breadcumb-menu\">\n                <li><a href=\"../index.php\">Home</a></li>\n                <li>Contact Us</li>\n            </ul>\n        </div>\n    </div>\n</div>\n<div class=\"space\">\n    <div class=\"container\">\n        <div class=\"title-area text-center\">\n            <span class=\"sub-title\">Get In Touch</span>\n            <h2 class=\"sec-title\">Our Contact Information</h2>\n        </div>\n        <div class=\"row gy-4 justify-content-center\">\n            <div class=\"col-xl-4 col-lg-6\">\n                <div class=\"about-contact-grid style2\">\n                    <div class=\"about-contact-icon\"><img src=\"assets/img/icon/location-dot2.svg\" alt=\"\"></div>\n                    <div class=\"about-contact-details\">\n                        <h6 class=\"box-title\">Our Address</h6>\n                        <p class=\"about-contact-details-text\">2690 Hiltona Street Victoria</p>\n                        <p class=\"about-contact-details-text\">Road, New York, Canada</p>\n                    </div>\n                </div>\n            </div>\n            <div class=\"col-xl-4 col-lg-6\">\n                <div class=\"about-contact-grid\">\n                    <div class=\"about-contact-icon\"><img src=\"assets/img/icon/call.svg\" alt=\"\"></div>\n                    <div class=\"about-contact-details\">\n                        <h6 class=\"box-title\">Phone Number</h6>\n                        <p class=\"about-contact-details-text\"><a href=\"tel:01234567890\">+01 234 567 890</a></p>\n                        <p class=\"about-contact-details-text\"><a href=\"tel:01234567890\">+09 876 543 210</a></p>\n                    </div>\n                </div>\n            </div>\n            <div class=\"col-xl-4 col-lg-6\">\n                <div class=\"about-contact-grid\">\n                    <div class=\"about-contact-icon\"><img src=\"assets/img/icon/mail.svg\" alt=\"\"></div>\n                    <div class=\"about-contact-details\">\n                        <h6 class=\"box-title\">Email Address</h6>\n                        <p class=\"about-contact-details-text\"><a href=\"mailto:mailinfo00@tourm.com\">mailinfo00@tourm.com</a></p>\n                        <p class=\"about-contact-details-text\"><a href=\"mailto:support24@tourm.com\">support24@tourm.com</a></p>\n                    </div>\n                </div>\n            </div>\n        </div>\n    </div>\n</div>\n<div class=\"space-extra2-top space-extra2-bottom\" data-bg-src=\"assets/img/bg/video_bg_1.jpg\">\n    <div class=\"container\">\n        <div class=\"row flex-row-reverse justify-content-center align-items-center\">\n            <div class=\"col-lg-6\">\n                <div class=\"video-box1\"><a href=\"https://www.youtube.com/watch?v=cQfIUPw72Dk\" class=\"play-btn style2 popup-video\"><i class=\"fa-sharp fa-solid fa-play\"></i></a></div>\n            </div>\n            <div class=\"col-lg-6\">\n                <div>\n                    <form action=\" \" method=\"POST\" class=\"contact-form style2 ajax-contact\">\n                        <h3 class=\"sec-title mb-30 text-capitalize\">Book a tour</h3>\n                        <div class=\"row\">\n                            <div class=\"col-12 form-group\"><input type=\"text\" class=\"form-control\" name=\"name\" id=\"name3\" placeholder=\"First Name\"> <img src=\"assets/img/icon/user.svg\" alt=\"\"></div>\n                            <div class=\"col-12 form-group\"><input type=\"email\" class=\"form-control\" name=\"email3\" id=\"email3\" placeholder=\"Your Mail\"> <img src=\"assets/img/icon/mail.svg\" alt=\"\"></div>\n                            <div class=\"form-group col-12\"><select name=\"subject\" id=\"subject\" class=\"form-select nice-select\">\n                                    <option value=\"Select Tour Type\" selected=\"selected\" disabled=\"disabled\">Select Tour Type</option>\n                                    <option value=\"Africa Adventure\">Africa Adventure</option>\n                                    <option value=\"Africa Wild\">Africa Wild</option>\n                                    <option value=\"Asia\">Asia</option>\n                                    <option value=\"Scandinavia\">Scandinavia</option>\n                                    <option value=\"Western Europe\">Western Europe</option>\n                                </select></div>\n                            <div class=\"form-group col-12\"><textarea name=\"message\" id=\"message\" cols=\"30\" rows=\"3\" class=\"form-control\" placeholder=\"Your Message\"></textarea> <img src=\"assets/img/icon/chat.svg\" alt=\"\"></div>\n                            <div class=\"form-btn col-12 mt-24\"><button type=\"submit\" class=\"th-btn style3\">Send message <img src=\"assets/img/icon/plane.svg\" alt=\"\"></button></div>\n                        </div>\n                        <p class=\"form-messages mb-0 mt-3\"></p>\n                    </form>\n                </div>\n            </div>\n        </div>\n    </div>\n</div>"
    },
    {
      "title": "Gallery",
      "slug": "gallery",
      "template": "default",
      "content": "<!-- Copy the entire HTML content from your original gallery/index.php file here -->"
    },
    {
      "title": "Blog",
      "slug": "blog",
      "template": "default",
      "content": "<!-- Copy the entire HTML content from your original blog/index.php file here -->"
    },
    {
      "title": "Privacy Policy",
      "slug": "privacy-policy",
      "template": "default",
      "content": "<!-- Copy the entire HTML content from your original privacy-policy/index.php file here -->"
    },
    {
      "title": "Terms & Conditions",
      "slug": "terms-conditions",
      "template": "default",
      "content": "<!-- Copy the entire HTML content from your original terms-conditions/index.php file here -->"
    },
    {
      "title": "To Book",
      "slug": "to-book",
      "template": "default",
      "content": "<!-- Copy the entire HTML content from your original to_book/index.php file here -->"
    },
    {
      "title": "Same Day Tours",
      "slug": "same-day-tours",
      "template": "default",
      "content": "<!-- Copy the entire HTML content from your original same-day-tours/index.php file here -->"
    },
    {
      "title": "Taj Mahal Tours",
      "slug": "taj-mahal-tours",
      "template": "default",
      "content": "<!-- Copy the entire HTML content from your original taj-mahal-tours/index.php file here -->"
    },
    {
      "title": "Golden Triangle Tours",
      "slug": "golden-triangle-tours",
      "template": "default",
      "content": "<!-- Copy the entire HTML content from your original golden-triangle-tours/index.php file here -->"
    },
    {
      "title": "Rajasthan Tour Packages",
      "slug": "rajasthan-tour-packages",
      "template": "default",
      "content": "<!-- Copy the entire HTML content from your original rajasthan-tour-packages/index.php file here -->"
    }
  ],
  "tours": [
    {
      "title": "Colorful Rajasthan Tour 8D9N",
      "slug": "colorful-rajasthan-tour-8d9n",
      "content": "<!-- Copy the entire HTML content from your original tour/colorful-rajasthan-tour-8d9n/index.html file here -->",
      "meta": {
        "price": "25000",
        "duration": "9",
        "difficulty": "moderate"
      }
    },
    {
      "title": "Delhi Private Day Tour By Car",
      "slug": "delhi-private-day-tour-by-car",
      "content": "<!-- Copy the entire HTML content from your original tour/delhi-private-day-tour-by-car/index.php file here -->",
      "meta": {
        "price": "5000",
        "duration": "1",
        "difficulty": "easy"
      }
    },
    {
      "title": "Evening Delhi City Tour 4 Hours",
      "slug": "evening-delhi-city-tour-4-hours",
      "content": "<!-- Copy the entire HTML content from your original tour/evening-delhi-city-tour-4-hours/index.php file here -->",
      "meta": {
        "price": "3000",
        "duration": "0.5",
        "difficulty": "easy"
      }
    },
    {
      "title": "From Delhi 2 Days Agra and Jaipur Tour by Car",
      "slug": "from-delhi-2days-agra-and-jaipur-tour-by-car",
      "content": "<!-- Copy the entire HTML content from your original tour/from-delhi-2days-agra-and-jaipur-tour-by-car/index.php file here -->",
      "meta": {
        "price": "18000",
        "duration": "2",
        "difficulty": "moderate"
      }
    },
    {
      "title": "From Delhi Day Trip to Taj Mahal and Agra Fort by Car",
      "slug": "from-delhi-day-trip-to-taj-mahal-and-agra-fort-by-car",
      "content": "<!-- Copy the entire HTML content from your original tour/from-delhi-day-trip-to-taj-mahal-and-agra-fort-by-car/index.php file here -->",
      "meta": {
        "price": "8000",
        "duration": "1",
        "difficulty": "easy"
      }
    },
    {
      "title": "From Delhi Taj Mahal and Agra Overnight Tour",
      "slug": "from-delhi-taj-mahal-and-agra-overnight-tour",
      "content": "<!-- Copy the entire HTML content from your original tour/from-delhi-taj-mahal-and-agra-overnight-tour/index.php file here -->",
      "meta": {
        "price": "12000",
        "duration": "2",
        "difficulty": "moderate"
      }
    },
    {
      "title": "Golden Triangle Tour 2N3D",
      "slug": "golden-triangle-tour-2n3d",
      "content": "<!-- Copy the entire HTML content from your original tour/golden-triangle-tour-2n3d/index.php file here -->",
      "meta": {
        "price": "15000",
        "duration": "3",
        "difficulty": "moderate"
      }
    },
    {
      "title": "Golden Triangle Tour 4N5D",
      "slug": "golden-triangle-tour-4n5d",
      "content": "<!-- Copy the entire HTML content from your original tour/golden-triangle-tour-4n5d/index.php file here -->",
      "meta": {
        "price": "25000",
        "duration": "5",
        "difficulty": "moderate"
      }
    },
    {
      "title": "Golden Triangle Tour with Amritsar 6N7D",
      "slug": "golden-triangle-tour-with-amritsar-6n7d",
      "content": "<!-- Copy the entire HTML content from your original tour/golden-triangle-tour-with-amritsar-6n7d/index.php file here -->",
      "meta": {
        "price": "35000",
        "duration": "7",
        "difficulty": "moderate"
      }
    },
    {
      "title": "Golden Triangle Tour with Ranthambore 4N5D",
      "slug": "golden-triangle-tour-with-ranthambore-4n5d",
      "content": "<!-- Copy the entire HTML content from your original tour/golden-triangle-tour-with-ranthambore-4n5d/index.php file here -->",
      "meta": {
        "price": "28000",
        "duration": "5",
        "difficulty": "moderate"
      }
    },
    {
      "title": "Golden Triangle Tour with Udaipur 7N8D",
      "slug": "golden-triangle-tour-with-udaipur-7n8d",
      "content": "<!-- Copy the entire HTML content from your original tour/golden-triangle-tour-with-udaipur-7n8d/index.php file here -->",
      "meta": {
        "price": "40000",
        "duration": "8",
        "difficulty": "moderate"
      }
    },
    {
      "title": "Golden Triangle Tours with Varanasi 5N6D",
      "slug": "golden-triangle-tours-with-varanasi-5n6d",
      "content": "<!-- Copy the entire HTML content from your original tour/golden-triangle-tours-with-varanasi-5n6d/index.php file here -->",
      "meta": {
        "price": "32000",
        "duration": "6",
        "difficulty": "moderate"
      }
    },
    {
      "title": "Old Delhi Food Tasting Tour",
      "slug": "old-delhi-food-tasting-tour",
      "content": "<!-- Copy the entire HTML content from your original tour/old-delhi-food-tasting-tour/index.php file here -->",
      "meta": {
        "price": "2500",
        "duration": "0.25",
        "difficulty": "easy"
      }
    },
    {
      "title": "Rajasthan Heritage Tour 4N5D",
      "slug": "rajasthan-heritage-tour-4n5d",
      "content": "<!-- Copy the entire HTML content from your original tour/rajasthan-heritage-tour-4n5d/index.php file here -->",
      "meta": {
        "price": "22000",
        "duration": "5",
        "difficulty": "moderate"
      }
    },
    {
      "title": "Taj Mahal and Agra Tour by Premium Cars",
      "slug": "taj-mahal-and-agra-tour-by-premium-cars",
      "content": "<!-- Copy the entire HTML content from your original tour/taj-mahal-and-agra-tour-by-premium-cars/index.php file here -->",
      "meta": {
        "price": "10000",
        "duration": "1",
        "difficulty": "easy"
      }
    },
    {
      "title": "Taj Mahal Sunrise and Old Delhi Tour",
      "slug": "taj-mahal-sunrise-and-old-delhi-tour",
      "content": "<!-- Copy the entire HTML content from your original tour/taj-mahal-sunrise-and-old-delhi-tour/index.php file here -->",
      "meta": {
        "price": "6000",
        "duration": "1",
        "difficulty": "easy"
      }
    },
    {
      "title": "Taj Mahal Sunrise Tour from Delhi",
      "slug": "taj-mahal-sunrise-tour-from-delhi",
      "content": "<!-- Copy the entire HTML content from your original tour/taj-mahal-sunrise-tour-from-delhi/index.php file here -->",
      "meta": {
        "price": "3500",
        "duration": "1",
        "difficulty": "easy"
      }
    },
    {
      "title": "Taj Mahal Tour by Gatimaan Express Train",
      "slug": "taj-mahal-tour-by-gatimaan-express-train",
      "content": "<!-- Copy the entire HTML content from your original tour/taj-mahal-tour-by-gatimaan-express-train/index.php file here -->",
      "meta": {
        "price": "4500",
        "duration": "1",
        "difficulty": "easy"
      }
    }
  ]
}